{
  "first_run_results": {
    "f1_score_1": 0.795177737135582,
    "f1_score_2": 0.8348526904039802,
    "f1_difference": 0.039674953268398205,
    "mcnemar_p_value": 3.5528739211217705e-18,
    "bootstrap_p_value": 0.0,
    "bootstrap_ci": [
      0.030604693570756448,
      0.04891896037136856
    ],
    "contingency_table": [
      [
        4946,
        300
      ],
      [
        553,
        731
      ]
    ],
    "run_time": "0:09:23.699175"
  },
  "stability_results": {
    "10000": [
      {
        "f1_score_1": 0.795177737135582,
        "f1_score_2": 0.8348526904039802,
        "f1_difference": 0.039674953268398205,
        "mcnemar_p_value": 3.5528739211217705e-18,
        "bootstrap_p_value": 0.0,
        "bootstrap_ci": [
          0.030604693570756448,
          0.04891896037136856
        ],
        "contingency_table": [
          [
            4946,
            300
          ],
          [
            553,
            731
          ]
        ],
        "run_time": "0:09:23.699175"
      },
      {
        "f1_score_1": 0.795177737135582,
        "f1_score_2": 0.8348526904039802,
        "f1_difference": 0.039674953268398205,
        "mcnemar_p_value": 3.5528739211217705e-18,
        "bootstrap_p_value": 0.0,
        "bootstrap_ci": [
          0.030444308908559165,
          0.048934686969859184
        ],
        "contingency_table": [
          [
            4946,
            300
          ],
          [
            553,
            731
          ]
        ],
        "run_time": "0:09:23.004888"
      },
      {
        "f1_score_1": 0.795177737135582,
        "f1_score_2": 0.8348526904039802,
        "f1_difference": 0.039674953268398205,
        "mcnemar_p_value": 3.5528739211217705e-18,
        "bootstrap_p_value": 0.0,
        "bootstrap_ci": [
          0.03050877524848062,
          0.04865763158384789
        ],
        "contingency_table": [
          [
            4946,
            300
          ],
          [
            553,
            731
          ]
        ],
        "run_time": "0:09:25.505158"
      }
    ]
  }
}