{
  "first_run_results": {
    "f1_score_1": 0.8013543227706087,
    "f1_score_2": 0.8157412619065821,
    "f1_difference": 0.014386939135973442,
    "mcnemar_p_value": 0.010606439908847722,
    "bootstrap_p_value": 0.003,
    "bootstrap_ci": [
      0.0050903769278284,
      0.023782196258157244
    ],
    "contingency_table": [
      [
        4822,
        450
      ],
      [
        531,
        727
      ]
    ],
    "run_time": "0:09:44.249160"
  },
  "stability_results": {
    "10000": [
      {
        "f1_score_1": 0.8013543227706087,
        "f1_score_2": 0.8157412619065821,
        "f1_difference": 0.014386939135973442,
        "mcnemar_p_value": 0.010606439908847722,
        "bootstrap_p_value": 0.003,
        "bootstrap_ci": [
          0.0050903769278284,
          0.023782196258157244
        ],
        "contingency_table": [
          [
            4822,
            450
          ],
          [
            531,
            727
          ]
        ],
        "run_time": "0:09:44.249160"
      },
      {
        "f1_score_1": 0.8013543227706087,
        "f1_score_2": 0.8157412619065821,
        "f1_difference": 0.014386939135973442,
        "mcnemar_p_value": 0.010606439908847722,
        "bootstrap_p_value": 0.003,
        "bootstrap_ci": [
          0.005052350000402411,
          0.023796579739159593
        ],
        "contingency_table": [
          [
            4822,
            450
          ],
          [
            531,
            727
          ]
        ],
        "run_time": "0:09:43.072419"
      },
      {
        "f1_score_1": 0.8013543227706087,
        "f1_score_2": 0.8157412619065821,
        "f1_difference": 0.014386939135973442,
        "mcnemar_p_value": 0.010606439908847722,
        "bootstrap_p_value": 0.0026,
        "bootstrap_ci": [
          0.005023402968586216,
          0.023713652040403953
        ],
        "contingency_table": [
          [
            4822,
            450
          ],
          [
            531,
            727
          ]
        ],
        "run_time": "0:09:40.810526"
      }
    ]
  }
}