{
  "first_run_results": {
    "f1_score_1": 0.795177737135582,
    "f1_score_2": 0.8273987609811274,
    "f1_difference": 0.03222102384554537,
    "mcnemar_p_value": 7.813077300916253e-11,
    "bootstrap_p_value": 0.0,
    "bootstrap_ci": [
      0.022908911896671925,
      0.04220900216231234
    ],
    "contingency_table": [
      [
        4887,
        359
      ],
      [
        556,
        728
      ]
    ],
    "run_time": "0:00:05.825459"
  },
  "stability_results": {
    "100": [
      {
        "f1_score_1": 0.795177737135582,
        "f1_score_2": 0.8273987609811274,
        "f1_difference": 0.03222102384554537,
        "mcnemar_p_value": 7.813077300916253e-11,
        "bootstrap_p_value": 0.0,
        "bootstrap_ci": [
          0.022908911896671925,
          0.04220900216231234
        ],
        "contingency_table": [
          [
            4887,
            359
          ],
          [
            556,
            728
          ]
        ],
        "run_time": "0:00:05.825459"
      },
      {
        "f1_score_1": 0.795177737135582,
        "f1_score_2": 0.8273987609811274,
        "f1_difference": 0.03222102384554537,
        "mcnemar_p_value": 7.813077300916253e-11,
        "bootstrap_p_value": 0.0,
        "bootstrap_ci": [
          0.024228398952712074,
          0.04250029710784564
        ],
        "contingency_table": [
          [
            4887,
            359
          ],
          [
            556,
            728
          ]
        ],
        "run_time": "0:00:05.702528"
      }
    ]
  }
}