{
  "first_run_results": {
    "f1_score_1": 0.8013543227706087,
    "f1_score_2": 0.831782600827634,
    "f1_difference": 0.030428278057025304,
    "mcnemar_p_value": 1.4353056917675992e-10,
    "bootstrap_p_value": 0.0,
    "bootstrap_ci": [
      0.021494506280574196,
      0.03956085309163113
    ],
    "contingency_table": [
      [
        4921,
        351
      ],
      [
        543,
        715
      ]
    ],
    "run_time": "0:09:28.781330"
  },
  "stability_results": {
    "10000": [
      {
        "f1_score_1": 0.8013543227706087,
        "f1_score_2": 0.831782600827634,
        "f1_difference": 0.030428278057025304,
        "mcnemar_p_value": 1.4353056917675992e-10,
        "bootstrap_p_value": 0.0,
        "bootstrap_ci": [
          0.021494506280574196,
          0.03956085309163113
        ],
        "contingency_table": [
          [
            4921,
            351
          ],
          [
            543,
            715
          ]
        ],
        "run_time": "0:09:28.781330"
      },
      {
        "f1_score_1": 0.8013543227706087,
        "f1_score_2": 0.831782600827634,
        "f1_difference": 0.030428278057025304,
        "mcnemar_p_value": 1.4353056917675992e-10,
        "bootstrap_p_value": 0.0,
        "bootstrap_ci": [
          0.021393222405154573,
          0.039371023145488654
        ],
        "contingency_table": [
          [
            4921,
            351
          ],
          [
            543,
            715
          ]
        ],
        "run_time": "0:09:24.540740"
      },
      {
        "f1_score_1": 0.8013543227706087,
        "f1_score_2": 0.831782600827634,
        "f1_difference": 0.030428278057025304,
        "mcnemar_p_value": 1.4353056917675992e-10,
        "bootstrap_p_value": 0.0,
        "bootstrap_ci": [
          0.021482903304324133,
          0.0395393561336451
        ],
        "contingency_table": [
          [
            4921,
            351
          ],
          [
            543,
            715
          ]
        ],
        "run_time": "0:09:27.002712"
      }
    ]
  }
}