{
  "first_run_results": {
    "f1_score_1": 0.795177737135582,
    "f1_score_2": 0.8273987609811274,
    "f1_difference": 0.03222102384554537,
    "mcnemar_p_value": 7.813077300916253e-11,
    "bootstrap_p_value": 0.0,
    "bootstrap_ci": [
      0.023024233763821296,
      0.04171645821266751
    ],
    "contingency_table": [
      [
        4887,
        359
      ],
      [
        556,
        728
      ]
    ],
    "run_time": "0:09:24.430340"
  },
  "stability_results": {
    "10000": [
      {
        "f1_score_1": 0.795177737135582,
        "f1_score_2": 0.8273987609811274,
        "f1_difference": 0.03222102384554537,
        "mcnemar_p_value": 7.813077300916253e-11,
        "bootstrap_p_value": 0.0,
        "bootstrap_ci": [
          0.023024233763821296,
          0.04171645821266751
        ],
        "contingency_table": [
          [
            4887,
            359
          ],
          [
            556,
            728
          ]
        ],
        "run_time": "0:09:24.430340"
      },
      {
        "f1_score_1": 0.795177737135582,
        "f1_score_2": 0.8273987609811274,
        "f1_difference": 0.03222102384554537,
        "mcnemar_p_value": 7.813077300916253e-11,
        "bootstrap_p_value": 0.0,
        "bootstrap_ci": [
          0.02264134626060433,
          0.04161593923460375
        ],
        "contingency_table": [
          [
            4887,
            359
          ],
          [
            556,
            728
          ]
        ],
        "run_time": "0:09:26.731867"
      },
      {
        "f1_score_1": 0.795177737135582,
        "f1_score_2": 0.8273987609811274,
        "f1_difference": 0.03222102384554537,
        "mcnemar_p_value": 7.813077300916253e-11,
        "bootstrap_p_value": 0.0,
        "bootstrap_ci": [
          0.022725316036705787,
          0.041587661012985486
        ],
        "contingency_table": [
          [
            4887,
            359
          ],
          [
            556,
            728
          ]
        ],
        "run_time": "0:09:23.565389"
      }
    ]
  }
}