{
  "experiment_name": "E7-G4O-ELFT",
  "start_time": "2025-03-27 21:07:48",
  "notes": "Experiment 7: Evaluate prompt-based collaboration with larger models",
  "instance": "electra_large_gpt_sentiment",
  "dataset_shape": [
    6530,
    4
  ],
  "examples_length": 6530,
  "results_shape": [
    6530,
    7
  ],
  "save_directory": "results_round1_fix",
  "temperature": 0.0,
  "random_seed": 42,
  "merged_local": {
    "negative": {
      "precision": 0.8710224862112855,
      "recall": 0.872874149659864,
      "f1-score": 0.8719473348906349,
      "support": 2352.0
    },
    "neutral": {
      "precision": 0.7141434262948207,
      "recall": 0.7840349917987972,
      "f1-score": 0.7474589523064894,
      "support": 1829.0
    },
    "positive": {
      "precision": 0.9131639722863741,
      "recall": 0.8416347381864623,
      "f1-score": 0.8759415152857776,
      "support": 2349.0
    },
    "accuracy": 0.8367534456355283,
    "macro avg": {
      "precision": 0.8327766282641601,
      "recall": 0.8328479598817079,
      "f1-score": 0.831782600827634,
      "support": 6530.0
    },
    "weighted avg": {
      "precision": 0.8422412534705763,
      "recall": 0.8367534456355283,
      "f1-score": 0.8385159532676316,
      "support": 6530.0
    }
  },
  "dynasent_r1": {
    "negative": {
      "precision": 0.9175627240143369,
      "recall": 0.8533333333333334,
      "f1-score": 0.8842832469775475,
      "support": 1200.0
    },
    "neutral": {
      "precision": 0.74949358541526,
      "recall": 0.925,
      "f1-score": 0.8280492353599403,
      "support": 1200.0
    },
    "positive": {
      "precision": 0.9431704885343968,
      "recall": 0.7883333333333333,
      "f1-score": 0.8588288697231049,
      "support": 1200.0
    },
    "accuracy": 0.8555555555555555,
    "macro avg": {
      "precision": 0.8700755993213312,
      "recall": 0.8555555555555555,
      "f1-score": 0.8570537840201976,
      "support": 3600.0
    },
    "weighted avg": {
      "precision": 0.8700755993213312,
      "recall": 0.8555555555555555,
      "f1-score": 0.8570537840201976,
      "support": 3600.0
    }
  },
  "dynasent_r2": {
    "negative": {
      "precision": 0.8277153558052435,
      "recall": 0.9208333333333333,
      "f1-score": 0.8717948717948718,
      "support": 240.0
    },
    "neutral": {
      "precision": 0.8009478672985783,
      "recall": 0.7041666666666667,
      "f1-score": 0.7494456762749445,
      "support": 240.0
    },
    "positive": {
      "precision": 0.8347107438016529,
      "recall": 0.8416666666666667,
      "f1-score": 0.8381742738589212,
      "support": 240.0
    },
    "accuracy": 0.8222222222222222,
    "macro avg": {
      "precision": 0.8211246556351582,
      "recall": 0.8222222222222223,
      "f1-score": 0.8198049406429125,
      "support": 720.0
    },
    "weighted avg": {
      "precision": 0.8211246556351581,
      "recall": 0.8222222222222222,
      "f1-score": 0.8198049406429124,
      "support": 720.0
    }
  },
  "sst_local": {
    "negative": {
      "precision": 0.8295687885010267,
      "recall": 0.8859649122807017,
      "f1-score": 0.8568398727465536,
      "support": 912.0
    },
    "neutral": {
      "precision": 0.49050632911392406,
      "recall": 0.39845758354755784,
      "f1-score": 0.4397163120567376,
      "support": 389.0
    },
    "positive": {
      "precision": 0.9010869565217391,
      "recall": 0.911991199119912,
      "f1-score": 0.9065062875888463,
      "support": 909.0
    },
    "accuracy": 0.8108597285067873,
    "macro avg": {
      "precision": 0.7403873580455632,
      "recall": 0.7321378983160572,
      "f1-score": 0.7343541574640459,
      "support": 2210.0
    },
    "weighted avg": {
      "precision": 0.7993039550300965,
      "recall": 0.8108597285067873,
      "f1-score": 0.8038469795263299,
      "support": 2210.0
    }
  }
}