{
  "first_run_results": {
    "f1_score_1": 0.795177737135582,
    "f1_score_2": 0.8273987609811274,
    "f1_difference": -0.03222102384554537,
    "mcnemar_p_value": 7.813077300916253e-11,
    "bootstrap_p_value": 0.0,
    "bootstrap_ci": [
      -0.041716458212667513,
      -0.023024233763821303
    ],
    "contingency_table": [
      [
        4887,
        359
      ],
      [
        556,
        728
      ]
    ],
    "run_time": "0:09:32.657313"
  },
  "stability_results": {
    "10000": [
      {
        "f1_score_1": 0.795177737135582,
        "f1_score_2": 0.8273987609811274,
        "f1_difference": -0.03222102384554537,
        "mcnemar_p_value": 7.813077300916253e-11,
        "bootstrap_p_value": 0.0,
        "bootstrap_ci": [
          -0.041716458212667513,
          -0.023024233763821303
        ],
        "contingency_table": [
          [
            4887,
            359
          ],
          [
            556,
            728
          ]
        ],
        "run_time": "0:09:32.657313"
      },
      {
        "f1_score_1": 0.795177737135582,
        "f1_score_2": 0.8273987609811274,
        "f1_difference": -0.03222102384554537,
        "mcnemar_p_value": 7.813077300916253e-11,
        "bootstrap_p_value": 0.0,
        "bootstrap_ci": [
          -0.04161593923460375,
          -0.02264134626060433
        ],
        "contingency_table": [
          [
            4887,
            359
          ],
          [
            556,
            728
          ]
        ],
        "run_time": "0:09:32.306318"
      },
      {
        "f1_score_1": 0.795177737135582,
        "f1_score_2": 0.8273987609811274,
        "f1_difference": -0.03222102384554537,
        "mcnemar_p_value": 7.813077300916253e-11,
        "bootstrap_p_value": 0.0,
        "bootstrap_ci": [
          -0.041587661012985486,
          -0.022725316036705787
        ],
        "contingency_table": [
          [
            4887,
            359
          ],
          [
            556,
            728
          ]
        ],
        "run_time": "0:09:33.254733"
      }
    ]
  }
}